"region","locality","sites","lon","lat","distCoast_km","coralReefAreaIn5kmRadius_km2","coralReefAreaIn12kmRadius_km2","coralReefAreaIn100kmRadius_km2","rockyReefAreaIn5kmRadius_km2","rockyReefAreaIn12kmRadius_km2","rockyReefAreaIn100kmRadius_km2","distClosesReef_km","reefArea_km2"
"central_iwp","palau","palau_1",131.86,2.89,10.9366435,0,15,26,0,59,100,1.730904764,15
"central_iwp","raja_ampat","raja_ampat_1",130.4086,-2.04465,0.047923508,1,4,34,0,0,33,0.262763372,4
"central_iwp","raja_ampat","raja_ampat_2",130.4564981,-2.18124074,1.146394059,1,3,28,0,0,33,0.371203151,3
"central_iwp","raja_ampat","raja_ampat_3",130.5943167,-1.99951667,0.196123798,0,3,35,0,0,33,0.056419804,3
"central_iwp","raja_ampat","raja_ampat_4",130.4615708,-1.96530833,0.19086531,1,8,34,0,0,33,0.037612364,8
"central_iwp","raja_ampat","raja_ampat_5",130.321275,-2.119825,0.0246963,0,3,28,0,0,33,0.021629788,3
"central_iwp","raja_ampat","raja_ampat_6",130.5616278,-2.22199722,0.265681425,1,4,28,0,0,33,0.68524498,4
"central_iwp","raja_ampat","raja_ampat_7",130.22502,-2.17297333,0.827473994,0,0,28,0,0,33,0.477422605,0
"central_iwp","raja_ampat","raja_ampat_8",130.9126708,-2.15541667,0.003042308,0,0,44,0,0,33,0.33076018,0
"central_iwp","raja_ampat","raja_ampat_9",130.7869417,-2.00558333,3.209829891,1,2,44,0,0,33,1.647165607,2
"central_iwp","raja_ampat","raja_ampat_10",130.6818833,-2.02931667,0.623587797,1,2,45,0,0,33,0.014478297,2
"central_pacific","samoa","samoa_1",-170.8013889,-14.28527778,1.019210954,1,2,16,8,71,384,0.20056996,2
"central_pacific","samoa","samoa_2",-170.5516667,-14.28361111,2.234676349,2,5,14,28,55,273,0.251017344,5
"central_pacific","samoa","samoa_3",-169.6752478,-14.16747811,0.487184869,2,3,6,38,57,208,0.314787774,3
"central_pacific","samoa","samoa_4",-169.4833333,-14.21666667,0.046984884,1,1,4,20,70,171,0.030555635,1
"central_pacific","samoa","samoa_5",-168.1522222,-14.53444444,2.746194574,1,1,1,13,13,13,0.008929082,1
"central_pacific","samoa","samoa_6",-171.0855556,-11.05138889,0.105184569,0,0,0,2,2,2,0.102929084,2
"central_pacific","samoa","samoa_7",-171.7858241,-13.80928852,1.418987911,0,4,45,53,147,1037,0.048100994,4
"central_iwp","solomon","solomon_1",160.1488083,-9.06668333,0.673032834,1,6,81,10,119,1670,0.704016358,6
"central_iwp","solomon","solomon_2",160.0337833,-8.843,0.040440485,0,4,99,7,67,2370,0.026797099,4
"central_iwp","solomon","solomon_3",159.63475,-8.14553333,0.843700697,2,5,74,52,255,2559,0.01323456,5
"central_iwp","solomon","solomon_4",159.7833333,-8.41666667,0.427378735,3,10,97,17,137,2752,0.239972983,10
"central_iwp","solomon","solomon_5",159.4410167,-8.35168333,2.706937339,0,2,100,37,141,2826,0.023012827,2
"central_iwp","solomon","solomon_6",159.2305833,-8.2051,0.425462495,2,8,96,42,154,2828,0.012254932,8
"central_iwp","solomon","solomon_7",158.9126333,-8.00616667,0.175260531,2,5,105,29,88,2593,0.011279159,5
"central_iwp","solomon","solomon_8",158.7219833,-7.84648333,0.307145961,1,5,131,21,57,2545,0.012101169,5
"central_iwp","solomon","solomon_9",158.3797222,-7.53941111,1.18632369,0,13,162,26,220,2163,0.012101169,13
"central_iwp","solomon","solomon_10",158.2259667,-7.40676667,0.251559149,4,11,157,14,211,2003,0.338774293,11
"central_iwp","solomon","solomon_11",158.093175,-7.3743,0.77367064,7,20,159,57,274,1953,0.002733865,20
"central_iwp","solomon","solomon_12",158.0455667,-7.4678,1.321616476,1,5,167,54,274,2045,0.002733865,5
"central_iwp","solomon","solomon_13",157.7897667,-7.54053333,0.270927065,4,11,171,40,127,2371,0.00718921,11
"central_iwp","solomon","solomon_14",157.53825,-7.4258,0.147307127,3,14,163,0,0,2086,0.009393938,14
"central_iwp","solomon","solomon_15",157.41735,-7.41436667,0.025990986,2,6,163,0,0,2142,0.056066414,6
"central_iwp","solomon","solomon_16",157.27855,-7.35646667,0.132292666,2,4,161,0,0,2135,0.003979394,4
"central_iwp","solomon","solomon_17",156.3958833,-6.69366667,0.138827778,1,5,98,0,0,1781,0.114106599,5
"central_iwp","solomon","solomon_18",156.5716833,-6.62685,2.194081235,5,7,92,0,0,1446,0.140232621,7
"central_iwp","solomon","solomon_19",156.0865083,-6.96528333,0.065559088,5,19,97,13,130,1796,0.140232621,19
"central_iwp","solomon","solomon_20",156.51415,-7.73845,0.881029914,1,6,83,60,152,1408,0.000310312,6
"central_iwp","solomon","solomon_21",156.7709089,-8.01726333,0.975747108,4,7,73,61,182,1815,0.000310312,7
"central_iwp","solomon","solomon_22",157.22275,-8.31488333,0.060348014,1,7,95,34,116,2151,0.076999529,7
"central_iwp","solomon","solomon_23",157.3324833,-8.39501667,0.099990338,1,3,96,23,127,2141,0.002582764,3
"central_iwp","solomon","solomon_24",157.80345,-8.64518333,0.064090733,2,3,72,0,15,1463,0.00604021,3
"central_iwp","solomon","solomon_25",157.9521333,-8.42595,0.189102654,2,5,91,36,159,1634,0.006368139,5
"central_iwp","solomon","solomon_26",158.0250167,-8.53748333,0.146297209,1,7,71,25,165,1297,0.492803344,7
"central_iwp","solomon","solomon_27",158.2092,-8.68295833,0.063777539,2,5,60,35,176,985,0.273766334,5
"central_iwp","solomon","solomon_28",159.1104833,-8.98199167,0.405024403,4,7,62,2,33,931,0.152942202,7
"central_iwp","solomon","solomon_29",159.1466417,-9.12709167,0.565278876,4,8,50,1,38,801,0.28779876,8
"central_iwp","solomon","solomon_30",160.883625,-9.82620833,0.863456861,3,7,60,39,120,1500,0.110724813,7
"central_iwp","solomon","solomon_31",161.3583167,-10.35181667,1.35312232,1,1,52,1,42,1092,0.000616104,1
"central_iwp","solomon","solomon_32",161.5100833,-10.47495,0.958919312,4,5,48,16,108,970,0.048928772,5
"central_iwp","solomon","solomon_33",162.2745333,-10.79900833,1.019001355,2,9,40,25,102,810,0.137953208,9
"central_iwp","solomon","solomon_34",161.962575,-10.25950833,0.956989013,0,1,54,19,40,1037,0.008408543,1
"central_iwp","solomon","solomon_35",161.6769167,-10.18663333,1.244829486,3,9,60,16,35,1170,0.004467058,9
"central_iwp","solomon","solomon_36",161.7196333,-10.28981667,0.277040039,2,7,53,22,80,1011,0.011802926,7
"central_iwp","solomon","solomon_37",161.2209,-9.44661667,0.082404342,0,0,60,22,70,1157,0.084888092,70
"central_iwp","solomon","solomon_38",161.575009,-9.620462,2.821210061,0,0,61,21,72,1192,0.767530474,72
"central_iwp","solomon","solomon_39",161.011731,-8.761313,1.571795198,1,4,80,0,0,858,0.071991663,4
"central_iwp","solomon","solomon_40",160.661242,-8.347659,1.075505327,2,9,71,0,0,1125,0.342500216,9
"central_iwp","solomon","solomon_41",160.636017,-8.827084,7.723527462,0,3,94,0,0,1287,2.179777174,3
"central_iwp","solomon","solomon_42",160.3371833,-9.28848333,0.066401643,1,7,71,22,103,1312,1.59578e-06,7
"central_iwp","solomon","solomon_43",159.7853833,-9.1179,0.009749274,2,3,80,0,0,1562,0.028811238,3
"central_iwp","solomon","solomon_44",159.6766,-9.2515,0.159768192,2,3,76,0,0,1327,0.014072585,3
"central_iwp","solomon","solomon_45",155.8960667,-7.07116667,0.200719499,1,6,86,0,37,1766,0.039854413,6
"central_iwp","solomon","solomon_46",155.5455667,-7.40961667,0.187306654,0,0,48,11,33,1495,2.247209211,33
"caribbean","bahamas","bahamas_1",-79.305925,25.69951666,0.001835366,0,2,59,0,0,170,0.823320801,2
"caribbean","bahamas","bahamas_2",-79.21141667,25.36382778,2.212504039,4,8,32,0,0,136,0.64136697,8
"caribbean","belize","belize_1",-87.94246,17.65275,11.15678226,0,3,394,0,78,5909,3.873371178,3
"caribbean","cuba","cuba_1",-78.8614675,20.7621125,0.933698325,0,2,178,0,0,0,0.022518623,2
"caribbean","cuba","cuba_2",-79.00125,20.835235,1.404847564,2,3,165,0,0,0,0.022518623,3
"sw_atlantic","abrolhos","abrolhos_1",-38.69284722,-17.96486111,0.12057046,8,47,119,76,439,19090,0.104150871,47
"sw_atlantic","arraial","arraial_1",-41.9979316,-22.98359724,0.184653774,0,0,0,59,267,998,285.3285967,267
"sw_atlantic","rio_de_janeiro","rio_de_janeiro_1",-43.206103,-23.031915,0.28191843,0,0,0,0,0,17,319.532162,0
"sw_atlantic","guarapari","guarapari_1",-40.393183,-20.6559895,3.30261132,0,0,0,0,0,0,134.6899172,0
"sw_atlantic","guarapari","guarapari_2",-40.278388,-20.363218,1.407736711,0,0,0,0,0,113,117.4419119,0
"sw_atlantic","ilha_gde","ilha_gde_1",-44.1453125,-23.18585,1.285885877,0,0,0,0,0,0,378.1298756,0
"sw_atlantic","ilha_gde","ilha_gde_2",-44.25976333,-23.07874333,0.636163181,0,0,0,0,0,0,356.0129216,0
"sw_atlantic","ilha_gde","ilha_gde_3",-44.398,-23.05218,0.667906301,0,0,0,0,0,0,359.8431598,0
"sw_atlantic","ilha_gde","ilha_gde_4",-44.15945556,-23.08998333,3.511519023,0,0,0,0,0,0,360.9891778,0
"sw_atlantic","ilha_gde","ilha_gde_5",-44.33814444,-23.16577778,1.14464232,0,0,0,0,0,0,362.277479,0
"sw_atlantic","l_santos","l_santos_1",-46.176212,-24.316838,0.06233872,0,0,0,0,0,0,473.678883,0
"sw_atlantic","salvador_bts","salvador_bts_1",-38.5286275,-12.8697825,4.25917534,0,2,11,71,256,2201,3.790264858,2
"sw_atlantic","salvador_bts","salvador_bts_2",-38.626367,-12.80916,0.79802605,0,1,11,58,347,2146,1.126565893,1
"sw_atlantic","santa_catarina","santa_catarina_1",-48.35749425,-27.28101187,0.413091915,0,0,0,0,0,0,667.1365267,0
"sw_atlantic","santa_catarina","santa_catarina_2",-48.467878,-27.694236,0.087281378,0,0,0,0,0,0,687.5467001,0
"sw_atlantic","santa_catarina","santa_catarina_3",-48.399104,-27.17457,0.897820579,0,0,0,0,0,0,687.9837679,0
"sw_atlantic","santa_catarina","santa_catarina_4",-48.431996,-27.845503,0.103335453,0,0,0,0,0,0,692.5264851,0
"sw_atlantic","santa_catarina","santa_catarina_5",-48.51963,-27.11935333,0.111404107,0,0,0,0,0,0,683.8277727,0
"sw_atlantic","santa_catarina","santa_catarina_6",-48.387576,-27.603507,0.587217893,0,0,0,0,0,0,681.1635646,0
"offshore_sw_atlantic","noronha","noronha_1",-32.41349525,-3.838463,0.031386874,0,0,0,0,0,0,0.782735808,0
"offshore_sw_atlantic","rocas","rocas_1",-33.81529,-3.860897,0.387401167,3,3,3,0,4,4,0.04093891,3
"offshore_sw_atlantic","stpauls_rocks","stpauls_rocks_1",-29.34455129,0.91807997,622.0225139,0,0,0,0,0,0,312.7804217,0
"offshore_sw_atlantic","trindade","trindade_1",-29.32270745,-20.50764409,0.839608202,1,1,5,0,0,0,0.2971593,1
"offshore_sw_atlantic","trindade","trindade_2",-28.856821,-20.474061,0.665139397,4,4,5,0,0,0,0.009922202,4
"eastern_atlantic","cverde","cverde_1",-24.76686919,16.77635909,1.550960191,0,0,0,0,0,0,1214.924936,0
"eastern_atlantic","stome","stome_1",6.71545278,0.40751944,0.233677119,0,0,0,0,0,0,1818.217562,0
"eastern_atlantic","stome","stome_2",6.49825833,0.31709444,0.552017676,0,0,0,0,0,0,1829.090974,0
"eastern_atlantic","stome","stome_3",6.52466944,0.00071111,0.371650177,0,0,0,0,0,0,1824.300184,0
"eastern_atlantic","stome","stome_4",6.74255556,0.25416111,0.225691378,0,0,0,0,0,0,1815.069192,0
"eastern_atlantic","stome","stome_5",6.63333333,0.03333333,5.970238114,0,0,0,0,0,0,1818.698223,0
"offshore_tep","malpelo","malpelo_1",-81.60645166,4.00200894,1.570171076,0,0,0,0,0,0,0.8606911,0
"continental_tep","colima_mex_tep","colima_mex_tep_1",-104.26208,19.05734,3.288467508,0,0,0,0,0,0,357.7525989,0
"continental_tep","colima_mex_tep","colima_mex_tep_2",-104.3972633,19.09847778,0.571312297,0,0,0,0,0,0,350.778431,0
"continental_tep","isabel_mex_tep","isabel_mex_tep_1",-105.8840433,21.84676667,2.428311737,0,0,0,0,0,0,200.3055166,0
"continental_tep","jalisco_mex_tep","jalisco_mex_tep_1",-104.7273613,19.22322185,0.337946539,0,0,0,0,0,0,332.972001,0
"continental_tep","jalisco_mex_tep","jalisco_mex_tep_2",-105.1087159,19.54826917,0.061953563,0,0,0,0,0,0,306.0558787,0
"continental_tep","jalisco_mex_tep","jalisco_mex_tep_3",-105.065935,19.33429,6.760137927,0,0,0,0,0,0,315.4244311,0
"continental_tep","jalisco_mex_tep","jalisco_mex_tep_4",-104.8711111,19.27861111,0.156714437,0,0,0,0,0,0,325.2101571,0
"continental_tep","michoacan_mex_tep","michoacan_mex_tep_1",-103.5201,18.35244,0.889140958,0,0,0,0,0,0,361.4766569,0
"continental_tep","michoacan_mex_tep","michoacan_mex_tep_2",-102.7467571,18.07021133,0.3332648,0,0,0,0,0,360,332.8459526,0
"continental_tep","michoacan_mex_tep","michoacan_mex_tep_3",-102.45692,18.04297,4.382030156,0,0,0,0,35,508,320.5758981,35
"caribbean","honduras","honduras_1",-86.46666667,15.96666667,0.218435659,3,6,69,57,270,2492,0.099848471,6
"caribbean","guatemala","guatemala_1",-88.61666667,15.95,0.542994947,0,0,119,62,312,3863,7.903369141,312
"caribbean","nicaragua","nicaragua_1",-82.767075,14.37351389,1.766576346,0,4,213,78,439,24503,3.256179755,4
"caribbean","san_andres","san_andres_1",-81.745,12.4953,0.80001373,2,7,30,33,118,1434,0.506975037,7
"caribbean","mexico_alacranes","mexico_alacranes_1",-89.7981,22.3625,10.09878095,0,13,93,0,0,0,4.237016882,13
"caribbean","us_virgin_islands","us_virgin_islands_1",-64.8104,18.3395,0.88389972,1,3,75,0,4,381,0.375848801,3
"caribbean","mexico_caribbean","mexico_caribbean_1",-87.3159,20.395975,0.377152254,0,3,72,35,166,2223,0.02345748,3
"caribbean","mexico_caribbean","mexico_caribbean_2",-87.62361111,18.90333333,0.410853686,2,4,275,20,55,4309,0.024846293,4
"caribbean","mexico_caribbean","mexico_caribbean_3",-86.86666667,20.86027778,0.170345036,3,6,49,49,183,2259,0.222594154,6
"caribbean","mexico_caribbean","mexico_caribbean_4",-86.96669942,20.73329968,0.616630791,2,3,54,27,100,2385,0.345252465,3
"caribbean","mexico_caribbean","mexico_caribbean_5",-86.80000174,21.03329941,0.060269783,3,7,43,45,173,2059,1.063588782,7
"caribbean","mexico_caribbean","mexico_caribbean_6",-87.46555556,19.7675,0.741284217,2,12,75,64,246,2152,1.527760193,12
"caribbean","mexico_caribbean","mexico_caribbean_7",-87.44999901,19.28330204,2.878619116,4,10,271,40,207,2986,0.067654335,10
"caribbean","mexico_caribbean","mexico_caribbean_8",-87.46509155,20.02743874,1.123425256,2,6,79,37,135,2398,0.052806343,6
"caribbean","mexico_caribbean","mexico_caribbean_9",-87.53694444,19.1375,1.141878393,4,9,272,30,138,3435,0.058821183,9
"caribbean","mexico_caribbean","mexico_caribbean_10",-87.75413142,18.50682963,0.214881328,2,6,267,12,43,4672,0.23565653,6
"caribbean","mexico_caribbean","mexico_caribbean_11",-87.833,18.2667,0.696180931,3,8,393,23,140,5228,0.310897935,8
"offshore_tep","clipperton","clipperton_1",-109.21667,10.31713,0.939114341,4,4,4,0,0,0,0.007138322,4
"offshore_tep","cocos","cocos_1",-87.0606367,5.53816651,0.904942823,0,0,0,58,117,119,0.2222207,117
"caribbean","curacao","curacao_1",-68.975,12.125,0.619287231,0,0,17,8,41,1149,0.00239343,41
"caribbean","curacao","curacao_2",-69.095,12.23,0.48500903,2,3,23,7,55,1369,0.011124448,3
"caribbean","curacao","curacao_3",-68.845,12.06,0.535682034,1,4,15,1,41,636,0.000302117,4
"caribbean","curacao","curacao_4",-69.16,12.38,0.22107662,2,2,24,16,45,1415,0.000302117,2
"easter","salaz_y_gomez","salaz_y_gomez_1",-105.3619673,-26.47055191,9.480622038,0,0,0,0,0,0,979.418754,0
"easter","rapa_nui","rapa_nui_1",-109.417334,-27.0999854,0.062853317,0,0,0,0,0,0,783.8366639,0
"easter","rapa_nui","rapa_nui_2",-109.28278,-27.07544,1.52407736,0,0,0,0,0,0,787.0141838,0
"easter","rapa_nui","rapa_nui_3",-109.440659,-27.15872,0.568967439,0,0,0,0,0,0,779.7542221,0
"easter","rapa_nui","rapa_nui_4",-109.35113,-27.160795,0.06977397,0,0,0,0,0,0,784.1765059,0
"central_pacific","fiji","fiji_1",178.6834417,-18.00483333,0.734472894,4,13,194,62,242,3422,0.021394298,13
"central_pacific","fiji","fiji_2",179.7658333,-16.41583333,0.16358586,2,2,147,0,0,2039,0.023836903,2
"central_pacific","fiji","fiji_3",-178.8100917,-18.17997222,0.33216476,13,32,164,22,96,3553,0.130038633,32
"central_iwp","flores","flores_1",122.3333333,-8.33333333,1.43169566,2,2,26,17,106,2414,0.490838379,2
"polynesian","french_polynesia","french_polynesia_1",-143.45,-17.48333333,0.923387007,3,3,239,21,21,927,0.115469418,3
"polynesian","french_polynesia","french_polynesia_2",-142.5680556,-17.61833333,0.810439599,13,32,291,0,0,798,0.212868076,32
"polynesian","french_polynesia","french_polynesia_3",-144.1,-16.735,2.996638804,10,11,183,52,239,2224,0.318254794,11
"polynesian","french_polynesia","french_polynesia_4",-145.1188889,-15.96777778,1.354405879,4,4,119,42,174,1837,0.087044415,4
"polynesian","french_polynesia","french_polynesia_5",-142.2188889,-18.13527778,0.605696632,10,48,158,61,206,466,0.013102722,48
"polynesian","french_polynesia","french_polynesia_6",-142.8835222,-16.72263333,0.952138402,10,35,267,16,99,996,0.388941856,35
"polynesian","french_polynesia","french_polynesia_7",-144.6465167,-15.72355556,0.510219435,1,2,46,13,19,1233,0.120194475,2
"polynesian","french_polynesia","french_polynesia_8",-142.5666667,-17.31777778,0.748294727,3,3,340,0,0,881,0.388134251,3
"polynesian","french_polynesia","french_polynesia_9",-144.2836111,-16.8175,0.381374193,3,3,139,28,118,2211,0.102923953,3
"hawaiian","hawaii","hawaii_1",-154.818649,19.4912354,0.204196116,0,0,1,0,0,51,16.75198299,0
"hawaiian","hawaii","hawaii_2",-155.9243943,19.4705919,0.083876863,0,0,2,0,0,63,0.067859306,0
"hawaiian","hawaii","hawaii_3",-155.8985096,20.1553149,0.00291995,0,0,5,6,12,300,7.456187745,12
"hawaiian","hawaii","hawaii_4",-156.0158761,19.6447006,0.01908025,0,0,1,0,0,54,1.510793472,0
"hawaiian","hawaii","hawaii_5",-155.8302652,19.9810004,0.272926392,1,1,2,0,0,197,1.140297738,1
"hawaiian","hawaii","hawaii_6",-156.934071,20.7345724,0.430966066,0,0,36,18,31,682,5.808014372,31
"hawaiian","hawaii","hawaii_7",-156.6667728,20.9998096,0.503544345,1,1,35,11,45,688,0.006072546,1
"hawaiian","hawaii","hawaii_8",-156.4548722,20.7051049,0.334819162,1,3,35,24,76,700,1.172033586,3
"hawaiian","hawaii","hawaii_9",-157.6944613,21.270166,0.09822682,3,17,119,13,19,213,0.032813689,17
"hawaiian","hawaii","hawaii_10",-157.8009063,21.4473152,0.751156181,9,19,106,0,0,101,0.007922562,19
"hawaiian","hawaii","hawaii_11",-158.0658027,21.64800438,0.080735956,2,7,94,0,13,66,0.093783731,7
"sw_pacific","new_caledonia","new_caledonia_1",166.16055,-20.3981,0.198084639,2,5,62,28,97,1593,0.003602743,5
"sw_pacific","new_caledonia","new_caledonia_2",165.8284,-19.8943,65.53724703,1,2,27,0,0,621,0.017762073,2
"caribbean","mexico_caribbean","mexico_caribbean_12",-84.3079,20.64031667,125.1290231,0,0,0,0,0,0,0.452479056,0
"caribbean","mexico_caribbean","mexico_caribbean_13",-87.07120833,20.60483334,1.191527107,0,1,67,56,167,2181,0.452479056,1
"western_indian","mozambique","mozambique_1",35.571615,-23.9290035,4.446616587,0,1,4,0,0,0,4.382074294,1
"western_indian","mozambique","mozambique_2",35.55938,-23.74379333,5.543031341,0,0,4,0,0,0,2.655861089,0
"western_indian","mozambique","mozambique_4",35.28907667,-24.46786667,4.747328297,0,0,3,0,0,0,4.959082919,0
"western_indian","mozambique","mozambique_9",35.58871,-22.786561,7.381124953,0,0,2,0,0,1504,7.281009978,0
"western_indian","mozambique","mozambique_11",35.552,-22.2756455,1.711041634,0,0,6,62,283,3200,0.54367833,283
"western_indian","mozambique","mozambique_13",35.5036,-21.767115,3.788367754,0,1,6,79,370,5411,0.456886647,1
"western_indian","mozambique","mozambique_14",35.500365,-21.619974,0.862122468,1,2,6,47,321,5469,0.122215705,2
"sw_pacific","new_caledonia","new_caledonia_3",166.4281232,-22.31855872,0.510337179,2,5,234,66,393,7000,0.12635482,5
"sw_pacific","new_caledonia","new_caledonia_4",166.2516667,-22.16888889,0.581132012,2,5,224,46,249,6451,0.283774546,5
"sw_pacific","new_caledonia","new_caledonia_5",164,-20,3.130022548,0,10,299,68,395,7160,1.340684284,10
"sw_pacific","new_caledonia","new_caledonia_6",167.1718361,-20.82964444,0.691991631,2,6,54,32,94,1340,0.039964085,6
"sw_pacific","new_caledonia","new_caledonia_7",165.9494444,-21.05722222,30.90918525,0,0,168,0,0,4185,9.40614293,0
"sw_pacific","new_caledonia","new_caledonia_8",166.0997222,-21.52694444,0.809398653,1,5,171,38,192,4376,0.636304852,5
"sw_pacific","new_caledonia","new_caledonia_9",166.6661111,-21.62638889,19.14279277,0,0,163,0,0,4740,7.169695618,0
"sw_pacific","new_caledonia","new_caledonia_10",166.8508333,-22.31777778,0.614629495,0,0,227,17,89,6846,0.023333144,89
"sw_pacific","new_caledonia","new_caledonia_11",165.9821756,-21.992855,0.304412563,1,15,187,63,296,4922,0.023333144,15
"sw_pacific","new_caledonia","new_caledonia_12",165.8847222,-21.96722222,3.611284332,6,19,173,63,242,4683,0.034654328,19
"polynesian","pitcairn","pitcairn_1",-130.114,-25.059,0.961832224,3,3,3,21,23,23,0.00127527,3
"polynesian","pitcairn","pitcairn_2",-124.79174,-24.67428,0.148776154,3,3,3,15,15,15,0.000568295,3
"polynesian","pitcairn","pitcairn_3",-128.3375825,-24.3440325,0.643376949,11,19,19,16,40,40,0.349352635,19
"polynesian","pitcairn","pitcairn_4",-130.727,-23.943,0.319121343,6,6,6,18,18,18,0.092117521,6
"offshore_tep","revillagigedo","revillagigedo_1",-110.9158,18.7996,0.046786012,0,0,0,12,36,94,233.1891078,36
"offshore_tep","revillagigedo","revillagigedo_2",-110.80291,19.33364,0.52411118,0,0,0,10,29,94,203.0468457,29
"offshore_tep","revillagigedo","revillagigedo_3",-112.08426,18.99268,108.3766103,0,0,0,0,0,0,244.8687279,0
"caribbean","florida_keys","florida_keys_1",-81.1068178,24.6262918,6.822993611,2,5,51,64,287,3727,0.018596919,5
"caribbean","florida_keys","florida_keys_2",-81.00613117,24.69061333,3.091999408,1,3,54,77,357,3700,1.17904859,3
"caribbean","florida_keys","florida_keys_3",-81.40894167,24.54436233,8.592009577,3,4,45,59,257,3568,0.003232297,4
"caribbean","florida_keys","florida_keys_4",-82.89369333,24.61795,2.082899568,22,72,125,0,0,776,0.066178717,72
"caribbean","grand_cayman","grand_cayman_1",-81.38695,19.3066,0.120109256,3,11,21,0,41,100,0.036745324,11
"caribbean","seaflower_marine_reserve","seaflower_marine_reserve_1",-81.36703429,13.40831,1.322393044,4,27,88,63,169,1546,0.074170702,27
"caribbean","seaflower_marine_reserve","seaflower_marine_reserve_2",-81.41093,13.3607575,2.030741134,2,13,83,28,117,1824,0.111916692,13
"caribbean","seaflower_marine_reserve","seaflower_marine_reserve_3",-81.701392,12.571874,0.047103106,6,9,35,65,139,1419,0.412832532,9
"caribbean","san_blas","san_blas_1",-78.91500833,9.571655,2.127336062,4,10,66,64,278,3002,0.837879303,10
"nw_indian","red_sea","red_sea_2",35.8860746,23.4073066,24.24112597,0,2,443,74,201,4396,1.66128137,2
"sw_pacific","lord_howe_island","lord_howe_island_1",159.059999,-31.53214129,0.515303656,5,5,5,70,248,463,0.013907262,5
"sw_pacific","lord_howe_island","lord_howe_island_2",159.252833,-31.76343225,0.165632326,0,0,5,81,195,463,12.89147524,195
"sw_pacific","norfolk_island","norfolk_island_1",167.9567409,-29.07417311,0.170330251,0,0,0,0,0,0,338.610106,0
"sw_pacific","norfolk_island","norfolk_island_2",167.9237975,-29.001845,0.490325064,0,0,0,0,0,0,334.4123083,0
"sw_pacific","central_gbr","central_gbr_1",145.9920525,-16.9450225,0.046637417,0,0,562,2,16,464,0.084863761,16
"sw_pacific","central_gbr","central_gbr_2",145.981165,-16.56604,4.176394267,7,30,527,0,0,165,0.609566986,30
"sw_pacific","central_gbr","central_gbr_3",146.191837,-16.88857,9.98616176,16,45,565,0,0,502,0.491370402,45
"sw_pacific","central_gbr","central_gbr_5",146.2678483,-16.759245,26.31638137,10,18,548,0,0,480,0.295936373,18
"sw_pacific","central_gbr","central_gbr_6",146.0880975,-17.2189975,0.11690299,2,3,497,11,11,840,0.078854463,3
"sw_pacific","central_gbr","central_gbr_7",145.81747,-15.9682,24.51884585,6,18,557,18,65,488,0.239971287,18
"sw_pacific","northern_gbr","northern_gbr_1",145.4528393,-14.66907133,0.694431607,5,11,555,0,0,676,0.221804391,11
"sw_pacific","capricorn_group","capricorn_group_1",150.9468575,-23.1918645,0.070444475,0,1,140,56,375,3766,0.352310677,1
"sw_pacific","southern_gbr","southern_gbr_1",150.9438393,-23.17752444,0.516097483,0,2,137,54,369,3801,0.352310677,2
"sw_pacific","central_gbr","central_gbr_9",146.2799,-18.13575,0.015720309,1,1,479,0,2,1883,0.223642096,1
"sw_pacific","central_gbr","central_gbr_10",146.192462,-18.039688,0.253290018,0,0,470,28,44,1807,0.140199382,44
"sw_pacific","central_gbr","central_gbr_11",146.44973,-17.77205,30.39201869,3,30,551,0,46,1726,0.161274494,30
"central_iwp","mornington_island","mornington_island_3",139.6151,-16.391275,1.932296753,0,0,17,0,0,0,0.979368683,0
"central_iwp","mornington_island","mornington_island_4",139.42439,-16.28718,14.1327381,0,0,19,0,0,0,6.943950406,0
"central_iwp","mornington_island","mornington_island_5",139.25151,-16.23366,5.175884418,0,1,12,0,0,0,0.126663,1
"sw_pacific","central_gbr","central_gbr_12",148.26147,-19.9783,0.023016514,0,3,481,0,0,2415,0.853909202,3
"sw_pacific","central_gbr","central_gbr_13",148.9025067,-20.066145,0.573826938,3,7,674,10,29,6432,0.011348727,7
"continental_tep","las_perlas","las_perlas_1",-79.05383333,8.65976,0.307135338,1,2,42,70,308,8569,12.84878378,2
"continental_tep","costa_rica","costa_rica_3",-83.87923667,8.71126,0.503024826,0,0,3,72,281,2316,8.639276451,281
"continental_tep","costa_rica","costa_rica_4",-85.48751714,9.85992,0.061181621,0,0,0,0,0,35,1.016411143,0
"continental_tep","costa_rica","costa_rica_5",-85.398855,9.84567,0.577570155,0,0,0,0,0,32,5.943171713,0
"continental_tep","costa_rica","costa_rica_6",-85.2875425,9.7744475,1.663021711,0,0,0,0,0,28,12.92129126,0
"continental_tep","costa_rica","costa_rica_7",-83.7266,8.657565,0.965982577,1,2,3,38,279,2268,0.472781607,2
"continental_tep","coiba","coiba_1",-82.03531073,7.96848337,0.711392869,1,1,18,58,298,5635,0.337408621,1
"continental_tep","coiba","coiba_2",-81.79521,7.86371429,0.234209116,0,0,16,70,312,5981,0.337408621,312
"continental_tep","panama_pacific","panama_pacific_1",-79.53912667,8.7717,0.044147741,0,0,39,68,414,8471,0.276412459,414
"continental_tep","las_perlas","las_perlas_2",-79.01181667,8.54341,1.105542307,1,11,30,56,348,8317,0.111424312,11
"continental_tep","las_perlas","las_perlas_3",-79.09891,8.4158975,0.352894474,2,5,29,53,307,8705,0.111424312,5
"continental_tep","las_perlas","las_perlas_4",-79.09576286,8.28733143,1.148551525,0,1,29,47,369,8781,0.485641431,1
"continental_tep","coiba","coiba_3",-81.62448667,7.69432417,0.38222531,0,0,16,59,283,5849,15.29177947,283
"continental_tep","coiba","coiba_4",-81.7556519,7.81255904,0.13179608,0,0,16,72,368,5986,15.69206755,368
"continental_tep","coiba","coiba_5",-82.44019,7.8702,0.106421862,2,2,18,54,118,4433,0.065896236,2
"continental_tep","coiba","coiba_6",-82.286685,8.1065325,2.291513828,4,9,18,67,381,4395,0.925641236,9
"continental_tep","coiba","coiba_7",-81.72822519,7.63235963,0.133514314,0,0,16,47,289,5923,11.60075545,289
"continental_tep","coiba","coiba_8",-81.85032666,7.56495,0.78131637,0,0,16,42,162,5893,11.66039841,162
"continental_tep","coiba","coiba_9",-81.83806666,7.41895835,0.38104244,0,0,16,35,123,5664,7.998351409,123
"continental_tep","coiba","coiba_10",-81.80946328,7.24386833,0.211763502,0,0,3,42,145,4920,11.29145015,145
"continental_tep","coiba","coiba_11",-81.69527492,7.31259083,2.776281779,0,0,1,68,275,4991,4.657647104,275
"continental_tep","coiba","coiba_12",-81.59093,7.34713,1.167677848,0,0,1,48,222,4784,3.953993967,222
"continental_tep","las_perlas","las_perlas_7",-78.826954,8.414694,1.436570619,4,7,29,56,189,7424,0.737074701,7
"continental_tep","las_perlas","las_perlas_8",-78.91944,8.48361,0.770623761,3,12,29,52,212,7995,0.087137892,12
"continental_tep","coiba","coiba_13",-82.24708889,7.47053333,0.092616146,0,0,18,11,11,5107,23.88296983,11
"continental_tep","coiba","coiba_14",-81.89210833,7.50280833,0.848864594,0,0,16,47,129,5830,11.85502567,129
"continental_tep","coiba","coiba_16",-81.67739166,7.40988333,1.792199832,0,0,7,38,226,5399,0.226940867,226
"offshore_tep","galapagos","galapagos_1",-91.33224833,-0.704675,0.389520457,0,0,2,0,21,355,18.37587499,21
"offshore_tep","galapagos","galapagos_2",-91.35850333,-0.33561833,2.466008857,0,0,2,0,3,355,6.153742063,3
"offshore_tep","galapagos","galapagos_3",-91.40879625,-0.266234,2.130963867,0,0,2,0,0,314,1.968055448,0
"offshore_tep","galapagos","galapagos_4",-91.658614,-0.313152,0.468749743,0,0,0,0,0,136,12.1414766,0
"offshore_tep","galapagos","galapagos_5",-91.54311833,-0.04728667,0.235355209,0,0,0,0,0,99,13.19853339,0
"offshore_tep","galapagos","galapagos_6",-90.56792,-0.26027167,0.861902875,0,0,6,0,0,259,1.232771566,0
"offshore_tep","galapagos","galapagos_7",-90.40029429,-1.23585,0.141941132,1,6,16,0,0,243,0.195665277,6
"offshore_tep","galapagos","galapagos_8",-90.48025667,-1.25002667,0.742039867,4,6,15,0,0,248,0.133637348,6
"offshore_tep","galapagos","galapagos_9",-89.64500143,-1.35407571,0.040773329,0,2,39,0,0,198,0.149337402,2
"offshore_tep","galapagos","galapagos_10",-91.81558333,1.38322167,0.24739091,0,0,0,0,0,0,0.111705116,0
"offshore_tep","galapagos","galapagos_11",-91.998034,1.677313,1.419769003,0,0,0,0,0,0,0.023276355,0
"offshore_tep","galapagos","galapagos_12",-90.4493475,0.2975775,1.4169562,0,0,0,0,0,0,27.37069887,0
"offshore_tep","galapagos","galapagos_13",-89.95888667,0.31645333,0.081722027,0,0,0,0,0,0,0.023276355,0
"continental_tep","machalilla","machalilla_1",-80.85497222,-1.62163667,1.252398156,0,0,0,0,0,0,291.6785093,0
"continental_tep","machalilla","machalilla_2",-81.06159405,-1.27161024,0.327415593,0,0,0,0,0,0,281.4268986,0
"continental_tep","machalilla","machalilla_4",-80.80014567,-1.49205267,0.099222427,0,0,0,0,0,0,283.9502357,0
"central_iwp","ningaloo_marine_park","ningaloo_marine_park_1",113.9391333,-21.93303,1.443942583,4,8,83,0,0,0,0.485439879,8
"central_iwp","ningaloo_marine_park","ningaloo_marine_park_2",114.1697243,-21.84962429,0.608681835,3,4,88,0,0,0,0.272946335,4
"central_iwp","dampier_archipelago","dampier_archipelago_1",116.5533175,-20.57124375,0.470439945,0,0,25,0,0,169,0.272946335,0
"central_iwp","dampier_archipelago","dampier_archipelago_2",116.6368625,-20.5495125,0.08565431,0,1,24,0,0,169,5.455471246,1
"central_iwp","dampier_archipelago","dampier_archipelago_3",116.4882825,-20.615455,0.20163393,0,0,26,0,0,169,9.197297531,0
"central_iwp","kimberley","kimberley_1",123.0555254,-16.422763,1.430107343,0,3,65,0,0,2233,0.044567712,3
"central_iwp","ningaloo_marine_park","ningaloo_marine_park_3",113.7572244,-23.12193444,0.322826374,3,7,41,0,0,0,0.485345607,7
"central_iwp","ningaloo_marine_park","ningaloo_marine_park_4",113.7602371,-23.18749393,0.873966788,3,7,36,0,0,0,0.083934054,7
"central_iwp","ningaloo_marine_park","ningaloo_marine_park_5",113.7807233,-23.32445,0.748795668,4,6,33,0,0,0,0.044567712,6
"central_iwp","ningaloo_marine_park","ningaloo_marine_park_6",114.345175,-21.65423,0.413441331,19,43,91,0,0,0,0.755345746,43
"central_iwp","ningaloo_marine_park","ningaloo_marine_park_7",113.818645,-23.04637,0.089989429,1,6,46,0,0,0,1.637279669,6
"central_iwp","ningaloo_marine_park","ningaloo_marine_park_8",113.7719,-22.8989,3.0774321,1,4,45,0,0,0,0.68229783,4
"central_iwp","christmas_island","christmas_island_1",105.677358,-10.433373,0.927986482,0,0,0,14,51,144,0.132476,51
"central_iwp","christmas_island","christmas_island_2",105.5969,-10.4617,0.231322487,0,0,0,30,132,144,0.68135915,132
"central_iwp","bali","bali_1",115.5950025,-8.2777725,0.079802234,0,0,20,2,8,1672,0.000212346,8
"central_iwp","aceh","aceh_1",95.26002824,5.87905706,0.147425427,2,4,69,0,0,0,0.000956247,4
"central_iwp","aceh","aceh_2",95.1564725,5.628615,1.199518103,1,8,80,0,0,0,0.597253531,8
"central_iwp","aceh","aceh_4",95.3501096,5.865952,0.697447682,3,4,69,0,0,0,0.207188449,4
"central_iwp","aceh","aceh_5",95.341675,5.78892,0.250239925,2,3,70,0,0,0,0.041847592,3
"central_iwp","flores","flores_2",122.331995,-8.454845,0.656414322,0,9,28,29,328,2498,0.157895923,9
"central_iwp","flores","flores_3",122.4804233,-8.46729,0.834387219,1,9,29,27,178,2331,0.487962055,9
"central_pacific","tonga","tonga_1",-174.3951824,-19.82828759,0.889932505,2,13,186,49,157,2388,0.464480776,13
"central_pacific","tonga","tonga_2",-174.720855,-19.936775,0.784577337,0,11,178,50,191,2351,0.223027724,11
"central_pacific","tonga","tonga_3",-174.7039633,-20.07976333,4.220947887,9,25,178,68,281,2357,0.367743607,25
"central_pacific","tonga","tonga_4",-174.1149981,-18.70544571,0.925635426,3,9,74,42,177,660,0.336785827,9
"polynesian","cook_islands","cook_islands_1",-159.796939,-18.8733785,0.535957487,0,8,12,43,130,136,0.158120102,8
"central_pacific","niue","niue_1",-169.9222433,-19.09353833,0.983144797,15,57,86,13,24,49,0.292525693,57
"polynesian","marquesas_islands","marquesas_islands_1",-139.091155,-9.898135,0.529779654,0,0,0,18,91,276,262.3143754,91
"polynesian","marquesas_islands","marquesas_islands_2",-140.1292767,-9.40131333,0.206826774,0,0,0,19,48,67,268.9366515,48
"polynesian","society_islands","society_islands_1",-145.89567,-15.93769667,0.6797841,2,9,279,0,0,1200,0.20321481,9
"polynesian","society_islands","society_islands_2",-145.6980833,-16.07542667,0.085061379,0,2,184,0,0,1797,0.077081534,2
"polynesian","society_islands","society_islands_4",-149.862804,-17.4845108,0.991186015,1,9,52,7,24,418,0.04492672,9
"polynesian","society_islands","society_islands_6",-151.0184467,-16.71522333,1.364108452,6,14,60,11,38,457,0.779729795,14
"polynesian","society_islands","society_islands_7",-151.4232925,-16.74404,0.152562723,2,5,68,45,153,513,0.005595262,5
"central_iwp","darwin_(nt)","darwin_(nt)_1",130.8031414,-12.44938657,1.159434732,3,5,90,0,0,0,0.50942792,5
"central_iwp","cambodia","cambodia_1",103.293672,10.629332,0.653252881,0,2,19,0,0,0,0.618044958,2
"sw_pacific","central_gbr","central_gbr_16",147.7151358,-18.676384,48.36971635,13,37,565,78,312,2081,0.549971851,37
"sw_pacific","central_gbr","central_gbr_18",147.447025,-18.404845,75.96076852,4,8,500,0,0,2194,0.492440877,8
"sw_pacific","central_gbr","central_gbr_19",147.38002,-18.26615667,62.4564446,4,4,540,0,0,2257,0.603206923,4
"sw_pacific","central_gbr","central_gbr_20",147.40295,-18.65051,70.4924749,6,16,531,0,35,2098,0.217771929,16
"western_indian","seychelles","seychelles_1",55.41865613,-4.59849387,1.503133186,2,7,26,11,83,125,0.541814025,7
"western_indian","seychelles","seychelles_2",55.377467,-4.65276275,0.354616655,4,7,26,3,19,125,0.051170818,7
"western_indian","tanzania","tanzania_1",40.170259,-10.23569812,2.195995382,6,23,118,0,0,90,0.001556535,23
"caribbean","bonaire","bonaire_1",-68.2680708,12.0457604,0.376803267,0,1,50,16,63,609,0.010004044,1
"caribbean","bonaire","bonaire_2",-68.287655,12.11259033,0.16130587,1,1,52,6,88,626,0.010000343,1
"caribbean","bonaire","bonaire_3",-68.32372233,12.20844767,0.775116572,0,2,48,14,108,599,0.04388333,2
"polynesian","austral_islands","austral_islands_1",-154.7179838,-21.80199167,0.808342629,4,4,4,12,12,12,0.018399723,4
"polynesian","cook_islands","cook_islands_2",-159.780695,-21.19839,0.133208326,0,2,2,10,30,30,0.060178809,2
"polynesian","cook_islands","cook_islands_3",-163.18623,-18.03024667,0.275535233,10,20,20,29,62,62,0.412602888,20
"polynesian","cook_islands_sp","cook_islands_sp_1",-163.1124483,-13.249005,1.711990867,4,14,14,47,88,88,0.208425076,14
"central_pacific","rose_atoll","rose_atoll_1",-168.1586313,-14.53993125,1.826575375,1,1,1,13,13,13,0.412602888,1
"central_pacific","samoa","samoa_8",-170.67004,-14.28363,0.531184195,2,8,15,16,74,306,0.209490235,8
"central_pacific","tonga","tonga_5",-173.771952,-15.930632,2.00501955,5,10,13,3,26,31,0.011547241,10
"central_pacific","tonga","tonga_7",-174.4924267,-19.96162,0.365334637,1,11,176,50,229,2316,0.011547241,11
"central_pacific","tonga","tonga_8",-174.7435767,-20.50308333,0.248323941,10,17,212,76,352,2836,0.089969721,17
"central_pacific","tonga","tonga_10",-175.003607,-21.11260778,1.991629445,5,15,122,15,122,1716,0.859311081,15
"central_pacific","minerva_reefs","minerva_reefs_1",-178.9264733,-23.63182333,288.508317,0,0,0,0,0,0,143.0422263,0
"central_pacific","minerva_reefs","minerva_reefs_2",-179.1259133,-23.93972,323.8618291,0,0,0,0,0,0,160.6850443,0
"sw_atlantic","neb","neb_1",-38.67979667,-17.97157933,1.292284906,15,49,119,75,447,19001,0.213177425,49
"sw_atlantic","neb","neb_2",-38.97937467,-17.67697167,16.75410653,2,7,123,79,445,17575,0.57788983,7
"sw_atlantic","neb","neb_3",-39.028083,-17.47842,17.41640693,9,9,124,77,446,14393,0.656738,9
"hawaiian","hawaii","hawaii_12",-157.8484375,21.2774725,0.640663982,5,17,107,0,21,130,0.072844315,17
"central_iwp","okinawa","okinawa_2",127.8655443,26.63706143,0.160200693,1,12,149,60,347,4548,0.4345622,12
"central_iwp","solomon","solomon_47",156.9152533,-8.11585333,1.893571071,2,13,84,33,135,1917,0.001438849,13
"polynesian","french_polynesia","french_polynesia_11",-134.8742058,-23.12930992,1.765672711,3,26,83,65,202,327,0.093303995,26
"polynesian","french_polynesia","french_polynesia_12",-135.0374475,-23.1525075,0.024788847,8,27,83,47,134,327,0.181285216,27
"polynesian","french_polynesia","french_polynesia_13",-141.00231,-18.07647,0.302787711,1,5,34,0,8,579,0.137959055,5
"polynesian","french_polynesia","french_polynesia_14",-143.5629553,-16.61948325,0.619301181,0,8,299,9,154,1942,0.002791206,8
"polynesian","french_polynesia","french_polynesia_15",-143.9617865,-16.44618665,0.390160763,1,4,166,0,0,2173,0.076202924,4
"polynesian","french_polynesia","french_polynesia_16",-144.6763353,-16.85043526,0.028359351,3,4,138,78,297,2218,0.143769513,4
"polynesian","french_polynesia","french_polynesia_19",-145.4598077,-16.51277433,0.253695283,5,12,166,0,0,1914,0.056531902,12
"polynesian","french_polynesia","french_polynesia_20",-145.7016475,-16.076325,0.054879547,0,2,184,0,0,1794,0.029146851,2
"polynesian","french_polynesia","french_polynesia_21",-145.8938533,-15.93698333,0.470888391,2,9,279,0,0,1203,0.183186839,9
"continental_tep","nicaragua_tep","nicaragua_tep_1",-85.79266771,11.12037824,0.093530528,0,0,7,0,0,35,5.661899477,0
"continental_tep","nicaragua_tep","nicaragua_tep_2",-85.84619941,11.20304707,0.482582244,0,0,7,0,0,35,11.02585657,0
"continental_tep","nicaragua_tep","nicaragua_tep_3",-85.90592083,11.27735,0.143095981,0,0,7,0,0,35,16.19401287,0
"sw_pacific","central_coral_sea","central_coral_sea_1",152.2226367,-19.28871,245.9802773,1,7,29,0,0,0,0.020652558,7
"sw_pacific","central_coral_sea","central_coral_sea_2",152.3428525,-19.24608,249.1757258,4,8,29,0,0,0,0.477292125,8
"sw_pacific","central_coral_sea","central_coral_sea_3",152.387615,-19.11036,263.7709933,3,8,29,0,0,0,0.518693802,8
"sw_pacific","central_coral_sea","central_coral_sea_4",149.1950412,-16.9329062,77.06610548,1,6,52,19,55,56,0.232410384,6
"sw_pacific","central_coral_sea","central_coral_sea_5",149.9993438,-16.93043875,0.488375077,1,2,112,0,0,56,0.286079771,2
"sw_pacific","central_coral_sea","central_coral_sea_6",149.905115,-16.96648,1.410048599,1,2,110,0,0,56,0.003657349,2
"central_iwp","papua_new_guinea","papua_new_guinea_2",150.1298198,-5.266186,4.177336053,0,6,48,19,147,1364,0.612813881,6
"sw_pacific","elizabeth_and_middleton_reefs","elizabeth_and_middleton_reefs_1",159.0867071,-29.44399471,227.0547367,11,11,22,0,0,0,0.224126365,11
"sw_pacific","elizabeth_and_middleton_reefs","elizabeth_and_middleton_reefs_2",159.0674775,-29.93267312,172.884195,10,11,22,0,0,0,0.000425413,11
"sw_pacific","southern_coral_sea","southern_coral_sea_2",155.5534322,-23.24647222,0.991066349,23,71,72,0,0,0,0.063767019,71
"sw_pacific","southern_coral_sea","southern_coral_sea_3",155.4646614,-22.16994857,0.333088468,0,1,6,0,0,0,0.100405116,1
"sw_pacific","southern_coral_sea","southern_coral_sea_4",155.3390167,-22.19043833,12.46822733,1,3,4,0,0,0,0.068312067,3
"sw_pacific","southern_coral_sea","southern_coral_sea_5",155.17216,-22.1816,1.915504524,1,3,4,0,0,0,0.059568012,3
"sw_pacific","southern_coral_sea","southern_coral_sea_6",153.5602875,-21.89588833,1.437607462,0,4,66,0,0,1288,0.33847389,4
"sw_pacific","southern_coral_sea","southern_coral_sea_7",155.762995,-21.232062,5.734434265,9,14,21,0,0,0,0.582658656,14
"sw_pacific","southern_coral_sea","southern_coral_sea_8",154.3796645,-20.99154177,3.964751147,7,9,10,0,0,0,0.913259998,9
"sw_pacific","central_coral_sea","central_coral_sea_7",155.8578615,-17.40322,0.814734944,9,9,9,0,0,0,0.129560428,9
"sw_pacific","central_coral_sea","central_coral_sea_8",152.076714,-17.12145,221.9068253,0,6,48,0,0,615,0.129560428,6
"sw_pacific","central_coral_sea","central_coral_sea_9",151.984,-17.115342,212.0188547,0,0,48,0,0,615,0.05772057,0
"sw_pacific","central_coral_sea","central_coral_sea_10",151.84125,-17.114065,196.8769913,2,4,58,0,1,615,0.027299947,4
"sw_pacific","central_coral_sea","central_coral_sea_12",151.0713134,-17.427194,126.0430828,5,8,92,0,0,615,0.015945281,8
"sw_pacific","central_coral_sea","central_coral_sea_13",150.95202,-17.45155,115.9999359,3,7,96,0,0,594,0.021725662,7
"sw_pacific","central_coral_sea","central_coral_sea_14",150.78899,-17.678796,117.1675991,2,5,75,0,0,240,0.021725662,5
"sw_pacific","central_coral_sea","central_coral_sea_15",150.633451,-17.77373867,114.2595233,2,4,44,0,0,37,7.44206e-05,4
"sw_pacific","central_coral_sea","central_coral_sea_16",149.6135475,-18.0707675,118.3530606,0,0,3,0,0,0,0.034617561,0
"sw_pacific","central_coral_sea","central_coral_sea_17",148.49217,-17.85129,2.728048966,8,12,45,0,0,0,0.034617561,12
"sw_pacific","central_coral_sea","central_coral_sea_18",148.448584,-17.710946,2.207651783,3,7,44,0,0,0,0.15587729,7
"sw_pacific","central_coral_sea","central_coral_sea_19",150.3072367,-16.56886286,46.30040303,6,11,115,0,0,0,0.255568188,11
"sw_pacific","central_coral_sea","central_coral_sea_20",149.96089,-16.29389,1.460960921,5,14,135,0,0,0,0.001501001,14
"sw_pacific","central_coral_sea","central_coral_sea_21",147.8493471,-16.49493714,3.594465047,4,11,55,0,0,0,0.11744157,11
"sw_pacific","queensland_(other)","queensland_(other)_1",152.54,-22.379405,19.05712996,3,7,366,50,256,7024,0.067557857,7
"sw_pacific","northern_coral_sea","northern_coral_sea_1",146.576226,-13.867853,148.0209274,0,6,13,59,76,76,0.585738651,6
"sw_pacific","northern_gbr","northern_gbr_2",143.83724,-13.959915,4.330730949,2,22,588,0,5,1069,0.585738651,22
"sw_pacific","northern_gbr","northern_gbr_4",143.255135,-12.08983,2.744736499,1,24,1589,0,4,3346,0.001057445,24
"central_iwp","north_west_shelf","north_west_shelf_1",124.2757,-12.8034,83.46865063,3,3,20,0,0,0,0.001057445,3
"central_iwp","north_west_shelf","north_west_shelf_3",123.3550318,-11.97494909,42.47651155,2,9,118,0,0,0,0.223225176,9
"central_iwp","north_west_shelf","north_west_shelf_4",122.9917651,-12.23681175,3.295488014,7,15,99,0,0,0,0.177487478,15
"central_iwp","north_west_shelf","north_west_shelf_6",121.956008,-14.10166867,20.38487518,3,6,45,65,221,970,0.076236943,6
"central_iwp","north_west_shelf","north_west_shelf_7",121.75929,-14.076365,3.161586187,4,10,45,12,126,970,0.570174513,10
"sw_pacific","queensland_(other)","queensland_(other)_3",141.9101567,-10.60465033,0.049930938,1,1,219,0,0,476,0.097991615,1
"central_iwp","northern_territory_(other)","northern_territory_(other)_1",136.821238,-11.670404,0.355429775,0,0,35,0,0,293,11.12001612,0
"central_iwp","northern_territory_(other)","northern_territory_(other)_2",136.6854,-11.2275,0.259774757,0,1,33,0,0,0,0.36247608,1
"nw_indian","eilat","eilat_1",34.94475925,29.47065,2.742001851,1,1,10,48,116,135,1.258737575,1
"central_iwp","north_west_shelf","north_west_shelf_8",118.96517,-17.57553615,6.348070486,15,40,105,65,98,785,0.214999434,40
"central_iwp","north_west_shelf","north_west_shelf_9",118.964555,-17.504655,5.242929379,8,28,105,24,96,785,0.018984921,28
"central_iwp","north_west_shelf","north_west_shelf_10",119.63186,-17.1415375,34.14287967,16,31,105,77,243,785,0.096768646,31
"central_iwp","north_west_shelf","north_west_shelf_11",119.6395062,-17.06882214,39.03305794,17,31,103,74,248,785,0.007775488,31
"central_iwp","north_west_shelf","north_west_shelf_12",119.35288,-17.24782,3.310845492,9,26,105,59,233,785,0.151592569,26
"central_iwp","north_west_shelf","north_west_shelf_13",119.3689563,-17.302465,3.718933004,20,34,105,17,127,785,0.104939471,34
"central_iwp","north_west_shelf","north_west_shelf_14",119.109824,-19.583524,1.475838369,0,0,7,0,0,0,18.96579577,0
"central_iwp","north_west_shelf","north_west_shelf_15",118.50369,-20.25135,5.905736461,0,0,28,0,0,0,4.814193265,0
"central_iwp","north_west_shelf","north_west_shelf_18",117.894825,-20.25268,23.34432344,3,3,30,0,0,0,0.590432486,3
"central_iwp","north_west_shelf","north_west_shelf_19",117.0882667,-20.43346667,1.865488411,7,7,36,0,0,169,0.051402132,7
"central_iwp","north_west_shelf","north_west_shelf_20",116.92463,-20.402735,0.116106408,0,0,25,7,46,169,7.24310893,46
"central_iwp","north_west_shelf","north_west_shelf_22",116.554054,-20.49395,1.160734943,1,1,24,0,0,169,1.656190647,1
"central_iwp","north_west_shelf","north_west_shelf_24",115.562136,-20.478434,1.841371285,0,6,42,0,28,306,4.416194166,6
"central_iwp","north_west_shelf","north_west_shelf_25",115.5370386,-20.38521143,0.656717002,1,4,25,0,0,306,1.621772144,4
"central_iwp","north_west_shelf","north_west_shelf_26",115.47785,-20.4812,2.623006507,3,7,53,6,94,306,0.373972633,7
"central_iwp","north_west_shelf","north_west_shelf_27",115.57655,-20.5791475,2.552644385,0,1,74,0,72,306,3.083749206,1
"central_iwp","north_west_shelf","north_west_shelf_28",115.51966,-20.771916,4.137301313,0,2,89,0,0,306,4.408132055,2
"central_iwp","north_west_shelf","north_west_shelf_29",115.4645333,-20.9485,10.12600266,0,0,89,0,0,306,8.256970506,0
"central_iwp","north_west_shelf","north_west_shelf_31",115.172725,-21.320955,0.762580042,5,5,128,0,0,306,0.054829052,5
"central_iwp","north_west_shelf","north_west_shelf_32",114.3733967,-21.65259667,0.864743121,20,46,91,0,0,0,1.137679443,46
"central_iwp","north_west_shelf","north_west_shelf_33",114.1377033,-21.99410333,1.594134069,0,1,83,0,0,0,4.989187622,1
"central_iwp","raja_ampat","raja_ampat_11",130.6736146,-0.55788385,0.904075388,1,5,79,0,0,0,0.706883759,5
"central_iwp","raja_ampat","raja_ampat_12",130.6957867,-0.49062889,0.112573035,1,4,80,0,0,0,0.706883759,4
"central_iwp","raja_ampat","raja_ampat_13",130.567136,-0.584408,2.518819049,2,4,80,0,0,0,0.016319236,4
"central_iwp","raja_ampat","raja_ampat_14",130.2878333,-0.57508667,1.176954755,1,1,64,0,0,0,0.536356324,1
"central_iwp","raja_ampat","raja_ampat_16",130.71393,-0.699635,0.633528997,5,7,75,0,0,0,0.024893182,7
"central_pacific","ailuk_atoll","ailuk_atoll_1",169.961585,10.247745,2.774936624,2,7,53,62,175,703,0.354344949,7
"central_pacific","ailuk_atoll","ailuk_atoll_2",169.85992,10.28165,0.460605334,2,4,57,38,156,713,0.354344949,4
"central_pacific","ailuk_atoll","ailuk_atoll_3",169.9124967,10.38701333,6.61300696,0,11,75,36,166,677,0.005472576,11
"central_pacific","rongalap_atoll","rongalap_atoll_1",166.87673,11.162005,1.766942432,4,7,83,0,13,1078,0.135770318,7
"central_pacific","rongalap_atoll","rongalap_atoll_2",166.7657,11.168295,1.169047834,1,4,83,0,6,1078,0.135770318,4
"caribbean","bocas_del_toro","bocas_del_toro_1",-82.110842,9.25965233,2.559790731,4,19,63,56,230,2746,0.509712083,19
"caribbean","bocas_del_toro","bocas_del_toro_2",-82.33791025,9.2644635,1.27111276,0,2,63,61,180,2648,0.560692024,2
"caribbean","bocas_del_toro","bocas_del_toro_3",-82.270635,9.33731383,1.074272134,1,8,63,60,276,2674,0.546401848,8
"continental_tep","nicaragua_tep","nicaragua_tep_4",-86.01393945,11.36438545,0.257175755,0,0,7,0,0,35,23.47601151,0
"caribbean","turks_and_caicos_islands","turks_and_caicos_islands_1",-72.1848095,21.8158395,1.830739642,3,7,75,33,258,1929,0.001341092,7
"sw_pacific","capricorn_group","capricorn_group_2",152.3847267,-23.88058222,2.491499489,14,15,209,37,139,1192,0.327240633,15
"sw_pacific","capricorn_group","capricorn_group_4",151.758747,-23.51907114,2.076827978,11,30,228,0,0,3741,0.327240633,30
"sw_pacific","capricorn_group","capricorn_group_6",151.727008,-23.278058,2.108006442,16,30,231,0,0,4113,0.198445368,30
"sw_pacific","capricorn_group","capricorn_group_7",151.071683,-23.157033,0.00871134,0,0,172,81,356,3972,0.198445368,356
"sw_pacific","whitsundays","whitsundays_2",149.134545,-19.81305,32.14661196,13,44,768,0,11,8593,0.348229914,44
"sw_pacific","central_gbr","central_gbr_21",149.0719033,-19.79870333,30.66823365,3,22,783,0,0,8318,0.319703827,22
"sw_pacific","central_gbr","central_gbr_24",146.5018033,-17.51989333,38.31167897,13,37,549,17,213,1691,0.538659246,37
"sw_pacific","northern_coral_sea","northern_coral_sea_2",146.681072,-13.977616,150.798535,6,9,13,0,5,76,0.126569298,9
"sw_pacific","central_coral_sea","central_coral_sea_22",147.0995417,-15.48567833,137.7509028,5,5,5,0,0,0,0.058258848,5
"sw_pacific","central_gbr","central_gbr_25",145.531775,-16.519735,5.128907016,3,7,479,4,21,183,0.172623824,7
"sw_pacific","northern_gbr","northern_gbr_6",144.5006267,-13.97707667,0.83766463,6,12,680,0,13,1363,0.052131848,12
"sw_pacific","northern_gbr","northern_gbr_7",144.38177,-13.958685,7.414141681,7,21,684,3,29,1362,0.270869149,21
"sw_pacific","northern_gbr","northern_gbr_8",143.405412,-12.284206,0.144408305,23,83,1534,0,20,2504,0.090020325,83
"sw_pacific","northern_coral_sea","northern_coral_sea_3",144.443634,-10.441818,69.96009057,11,44,576,65,214,2116,0.214554912,44
"sw_pacific","northern_coral_sea","northern_coral_sea_4",144.5304733,-10.35774333,70.09665782,14,60,494,17,112,1519,0.313547586,60
"sw_pacific","northern_coral_sea","northern_coral_sea_5",144.689742,-10.068366,70.68114948,1,4,392,50,163,502,0.400303392,4
"sw_pacific","northern_coral_sea","northern_coral_sea_6",144.582835,-10.185015,64.20844013,13,57,458,0,28,945,0.232154602,57
"sw_pacific","northern_gbr","northern_gbr_10",143.713685,-10.287715,50.30995914,8,14,1102,0,0,4800,0.032878105,14
"sw_pacific","northern_coral_sea","northern_coral_sea_7",144.449235,-10.129415,48.39047492,11,63,570,0,0,1308,0.029927258,63
"sw_pacific","northern_coral_sea","northern_coral_sea_8",144.497835,-10.070785,50.58853083,13,39,531,0,0,960,0.35777865,39
"central_iwp","hong_kong_island","hong_kong_island_1",114.3355286,22.32571429,0.521883156,0,0,10,0,73,904,9.623272187,73
"continental_tep","nicaragua_tep","nicaragua_tep_5",-86.1883333,11.5143518,1.396370407,0,0,7,0,0,0,35.20404267,0
"sw_pacific","capricorn_group","capricorn_group_8",151.9285582,-23.21481367,4.008245631,3,26,225,8,80,3310,1.454424984,26
"central_iwp","northern_territory_(other)","northern_territory_(other)_3",132.70829,-10.3251875,72.28483802,0,0,19,0,0,0,35.57463406,0
"central_iwp","northern_territory_(other)","northern_territory_(other)_5",133.028028,-10.908326,0.227982227,0,0,45,0,0,0,0.469653419,0
"central_iwp","northern_territory_(other)","northern_territory_(other)_6",133.798155,-11.295265,40.51695255,0,0,37,0,0,0,19.58504703,0
"central_iwp","northern_territory_(other)","northern_territory_(other)_8",134.135495,-11.433775,41.67845998,0,0,29,0,0,0,20.12852902,0
"central_iwp","northern_territory_(other)","northern_territory_(other)_11",136.90024,-11.6268825,7.962684941,0,0,35,0,0,139,15.82839095,0
"central_iwp","northern_territory_(other)","northern_territory_(other)_12",136.8475983,-12.088195,1.846260022,0,0,37,0,0,339,6.551679047,0
"central_iwp","northern_territory_(other)","northern_territory_(other)_13",136.61228,-12.06122,3.73959428,0,0,37,0,0,339,6.648890066,0
"central_iwp","northern_territory_(other)","northern_territory_(other)_14",136.7229467,-12.88375333,0.554366945,0,0,7,0,0,96,6.8909202,0
"central_iwp","northern_territory_(other)","northern_territory_(other)_16",136.91611,-14.3299025,1.484443695,0,1,11,0,0,0,4.673934058,1
"sw_pacific","queensland_(other)","queensland_(other)_7",140.14924,-15.48859,115.9127652,0,0,0,0,0,0,57.40080471,0
"sw_pacific","queensland_(other)","queensland_(other)_9",141.22803,-10.50051,75.57345815,0,0,20,0,0,0,4.673934058,0
"sw_pacific","queensland_(other)","queensland_(other)_11",142.47413,-10.24689,0.346442682,0,4,428,0,0,903,0.033271581,4
"sw_pacific","queensland_(other)","queensland_(other)_15",143.594455,-9.855725,12.24229428,0,1,833,0,0,1589,5.342305999,1
"sw_pacific","northern_coral_sea","northern_coral_sea_9",144.689464,-9.977984,68.96054078,2,4,394,14,83,537,0.067710578,4
"sw_pacific","northern_coral_sea","northern_coral_sea_10",144.4122525,-10.2241475,50.79467578,13,67,609,0,7,1780,0.14165053,67
"sw_pacific","queensland_(other)","queensland_(other)_16",144.1534425,-9.96282,11.11579887,5,18,687,0,0,1552,0.28272577,18
"sw_pacific","queensland_(other)","queensland_(other)_17",144.026135,-9.946725,0.133146658,4,31,755,0,0,1822,0.03836407,31
"sw_pacific","queensland_(other)","queensland_(other)_18",143.8639283,-10.06298333,21.57397684,15,45,916,0,0,3065,0.223151058,45
"sw_pacific","queensland_(other)","queensland_(other)_19",143.092765,-10.520895,1.665718336,0,0,886,0,0,5100,0.03836407,0
"caribbean","belize","belize_2",-88.08408245,16.79383979,0.442315972,5,15,486,77,438,6336,0.223151058,15
"caribbean","belize","belize_3",-88.066167,16.868278,2.122235297,3,8,485,74,432,6391,0.072786961,8
"central_iwp","ambon","ambon_1",128.124326,-3.732884,0.252254086,0,2,31,27,76,2759,1.107872078,2
"central_iwp","pulau_naira","pulau_naira_1",129.8903017,-4.51535,0.294152162,0,0,1,14,65,120,0.679791247,65
"central_iwp","kai_ketjil","kai_ketjil_1",132.68538,-5.57759,1.196050847,8,26,150,6,9,344,0.25188712,26
"central_iwp","kai_ketjil","kai_ketjil_2",132.60651,-5.653085,3.113057089,2,19,150,0,6,344,1.277913235,19
"central_iwp","pulau_jamdena","pulau_jamdena_2",131.367425,-7.235145,0.033284614,2,5,179,0,0,178,0.015729178,5
"central_iwp","pulau_jamdena","pulau_jamdena_7",130.76137,-8.31444,1.181982656,2,7,119,0,0,195,0.015729178,7
"central_iwp","offshore_shoals","offshore_shoals_3",129.912805,-11.134915,42.783715,0,0,11,0,0,0,23.39915243,0
"central_iwp","offshore_shoals","offshore_shoals_4",130.09911,-10.90075,32.02105343,0,0,12,0,0,0,70.42817407,0
"central_iwp","offshore_shoals","offshore_shoals_5",129.17219,-9.527635,140.5403118,0,0,0,0,0,0,70.42817407,0
"central_iwp","pualu_kaimeer","pualu_kaimeer_1",132.01102,-5.155345,0.382800228,1,1,111,0,4,84,0.394359365,1
"sw_pacific","central_coral_sea","central_coral_sea_23",152.343125,-18.986085,277.8435035,4,10,29,0,0,0,0.105408396,10
"caribbean","southwestern_caribbean","southwestern_caribbean_2",-80.24021333,14.35939667,12.81481642,8,38,80,45,218,519,0.184508477,38
"caribbean","southwestern_caribbean","southwestern_caribbean_3",-80.22984333,14.44443333,6.360665302,5,32,66,43,202,473,0.073952057,32
"sw_pacific","central_gbr","central_gbr_26",145.57305,-16.38834,0.785381998,0,1,517,0,0,342,0.020791319,1
"sw_pacific","central_gbr","central_gbr_27",145.785,-16.212205,11.73043725,4,57,557,0,0,510,0.305090292,57
"sw_pacific","northern_gbr","northern_gbr_12",143.58312,-12.62637,14.69242077,5,36,1329,0,4,1664,0.342609614,36
"sw_pacific","northern_gbr","northern_gbr_13",143.7635633,-12.38313667,38.92191514,10,55,1444,29,111,1905,0.743346286,55
"western_indian","seychelles","seychelles_3",46.53286,-9.73358,1.221693711,9,9,35,37,52,371,0.074280052,9
"western_indian","seychelles","seychelles_4",47.56776,-9.65893,0.665682898,7,21,36,51,157,206,0.003497018,21
"western_indian","seychelles","seychelles_5",47.76941,-10.07967,2.31348905,8,9,36,20,33,206,0.03943369,9
"western_indian","seychelles","seychelles_6",46.20617,-9.43466,0.28024454,3,13,35,19,107,371,0.026252537,13
"central_pacific","tonga","tonga_11",-173.9400417,-18.71967222,1.818600206,4,14,72,50,185,655,0.055468916,14
